[
    {
        "name": "CUF",
        "country": "Portugal",
        "city": "Lagoa, Açores",
        "near_airport": true,
        "coordinates": "51.5074° N, 0.1278° W",
        "url": "https://www.cuf.pt/",
        "searches": 7,
        "next": null
    },
    {
        "name": "Chicago",
        "country": "Estados Unidos",
        "city": "Chicago",
        "near_airport": true,
        "coordinates": "41.8781° N, 87.6298° W",
        "url": "https://www.choosechicago.com/",
        "searches": 101,
        "next": null
    },
    {
        "name": "Dallas",
        "country": "Estados Unidos",
        "city": "Dallas",
        "near_airport": true,
        "coordinates": "32.7767° N, 96.7970° W",
        "url": "https://www.visitdallas.com/",
        "searches": 41,
        "next": null
    },
    {
        "name": "Escola Secundária Antero de Quental",
        "country": "Portugal",
        "city": "Ponta Delgada",
        "near_airport": true,
        "coordinates": "51.5074° N, 0.1278° W",
        "url": "https://esaq.pt/",
        "searches": 150,
        "next": null
    },
    {
        "name": "Filadélfia",
        "country": "Estados Unidos",
        "city": "Filadélfia",
        "near_airport": true,
        "coordinates": "39.9526° N, 75.1652° W",
        "url": "https://www.visitphilly.com/",
        "searches": 71,
        "next": null
    },
    {
        "name": "Houston",
        "country": "Estados Unidos",
        "city": "Houston",
        "near_airport": true,
        "coordinates": "29.7604° N, 95.3698° W",
        "url": "https://www.visithoustontexas.com/",
        "searches": 91,
        "next": null
    },
    {
        "name": "Londres",
        "country": "Reino Unido",
        "city": "Londres",
        "near_airport": false,
        "coordinates": "51.5074° N, 0.1278° W",
        "url": "https://www.visitlondon.com/",
        "searches": 12,
        "next": null
    },
    {
        "name": "Los Angeles",
        "country": "Estados Unidos",
        "city": "Los Angeles",
        "near_airport": true,
        "coordinates": "34.0522° N, 118.2437° W",
        "url": "https://www.discoverlosangeles.com/",
        "searches": 111,
        "next": null
    },
    {
        "name": "Nova Iorque",
        "country": "Estados Unidos",
        "city": "Nova Iorque",
        "near_airport": true,
        "coordinates": "40.7128° N, 74.0060° W",
        "url": "https://www.nycgo.com/",
        "searches": 121,
        "next": null
    },
    {
        "name": "Paris",
        "country": "França",
        "city": "Paris",
        "near_airport": true,
        "coordinates": "48.8566° N, 2.3522° E",
        "url": "https://www.parisinfo.com/",
        "searches": 141,
        "next": null
    },
    {
        "name": "Phoenix",
        "country": "Estados Unidos",
        "city": "Phoenix",
        "near_airport": true,
        "coordinates": "33.4484° N, 112.0740° W",
        "url": "https://www.visitphoenix.com/",
        "searches": 81,
        "next": null
    },
    {
        "name": "Rio de Janeiro",
        "country": "Brasil",
        "city": "Rio de Janeiro",
        "near_airport": true,
        "coordinates": "22.9068° S, 43.1729° W",
        "url": "https://visit.rio/en/",
        "searches": 14,
        "next": null
    },
    {
        "name": "San Antonio",
        "country": "Estados Unidos",
        "city": "San Antonio",
        "near_airport": true,
        "coordinates": "29.4241° N, 98.4936° W",
        "url": "https://www.visitsanantonio.com/",
        "searches": 61,
        "next": null
    },
    {
        "name": "San Diego",
        "country": "Estados Unidos",
        "city": "San Diego",
        "near_airport": true,
        "coordinates": "32.7157° N, 117.1611° W",
        "url": "https://www.sandiego.org/",
        "searches": 51,
        "next": null
    },
    {
        "name": "San José",
        "country": "Estados Unidos",
        "city": "San José",
        "near_airport": true,
        "coordinates": "37.3382° N, 121.8863° W",
        "url": "https://www.sanjose.org/",
        "searches": 31,
        "next": null
    },
    {
        "name": "Tóquio",
        "country": "Japão",
        "city": "Tóquio",
        "near_airport": false,
        "coordinates": "35.6895° N, 139.6917° E",
        "url": "https://www.gotokyo.org/en/",
        "searches": 22,
        "next": null
    },
    {
        "name": "Universidade dos Açores",
        "country": "Portugal",
        "city": "Ponta Delgada",
        "near_airport": true,
        "coordinates": "51.5074° N, 0.1278° W",
        "url": "https://uac.pt/",
        "searches": 0,
        "next": null
    }
]